package	subpath	target	dropped	kept	found	root entry source	dropped more than one: is it a root entry dir
@backstage/backend-app-api	./package.json	./package.json	-	-	NONE		
@backstage/backend-defaults	./package.json	./package.json	-	-	NONE		
@backstage/backend-dynamic-feature-service	./package.json	./package.json	-	-	NONE		
plugin-test-backend-dynamic	./package.json	./package.json	-	-	NONE		
plugin-test-backend-alpha-dynamic	./alpha	./dist/alpha.cjs.js	-	-	NONE		
plugin-test-backend-alpha-dynamic	./package.json	./package.json	-	-	NONE		
plugin-test-backend-alpha-fallback-dynamic	./alpha	./dist/alpha.cjs.js	-	-	NONE		
plugin-test-backend-alpha-fallback-dynamic	./package.json	./package.json	-	-	NONE		
plugin-test-backend-bundled-dynamic	./package.json	./package.json	-	-	NONE		
@backstage/backend-openapi-utils	./package.json	./package.json	-	-	NONE		
@backstage/backend-plugin-api	./package.json	./package.json	-	-	NONE		
@backstage/backend-test-utils	./package.json	./package.json	-	-	NONE		
@backstage/catalog-client	./package.json	./package.json	-	-	NONE		
@backstage/catalog-model	./package.json	./package.json	-	-	NONE		
@backstage/cli-common	./package.json	./package.json	-	-	NONE		
@scope/plugin-foo	./package.json	./package.json	-	-	NONE		
@backstage/core-app-api	./package.json	./package.json	-	-	NONE		
@backstage/core-components	./package.json	./package.json	-	-	NONE		
@backstage/core-plugin-api	./package.json	./package.json	-	-	NONE		
@backstage/e2e-test-utils	./package.json	./package.json	-	-	NONE		
@internal/bar	./package.json	./package.json	-	-	NONE		
@internal/bar-override	./package.json	./package.json	-	-	NONE		
@internal/self-import-pkg	./package.json	./package.json	-	-	NONE		
@backstage/frontend-plugin-api	./package.json	./package.json	-	-	NONE		
@backstage/integration	./package.json	./package.json	-	-	NONE		
@backstage/test-utils	./package.json	./package.json	-	-	NONE		
@backstage/ui	./package.json	./package.json	-	-	NONE		
@backstage/plugin-api-docs	./package.json	./package.json	-	-	NONE		
@backstage/plugin-app	./package.json	./package.json	-	-	NONE		
@backstage/plugin-app-backend	./package.json	./package.json	-	-	NONE		
@backstage/plugin-auth	./package.json	./package.json	-	-	NONE		
@backstage/plugin-catalog	./package.json	./package.json	-	-	NONE		
@backstage/plugin-catalog-backend	./package.json	./package.json	-	-	NONE		
@backstage/plugin-catalog-backend-module-ai-model	./package.json	./package.json	-	-	NONE		
@backstage/plugin-catalog-backend-module-aws	./package.json	./package.json	-	-	NONE		
@backstage/plugin-catalog-backend-module-azure	./package.json	./package.json	-	-	NONE		
@backstage/plugin-catalog-backend-module-bitbucket-cloud	./package.json	./package.json	-	-	NONE		
@backstage/plugin-catalog-backend-module-bitbucket-server	./package.json	./package.json	-	-	NONE		
@backstage/plugin-catalog-backend-module-gcp	./package.json	./package.json	-	-	NONE		
@backstage/plugin-catalog-backend-module-gerrit	./package.json	./package.json	-	-	NONE		
@backstage/plugin-catalog-backend-module-github	./package.json	./package.json	-	-	NONE		
@backstage/plugin-catalog-backend-module-gitlab	./package.json	./package.json	-	-	NONE		
@backstage/plugin-catalog-backend-module-incremental-ingestion	./package.json	./package.json	-	-	NONE		
@backstage/plugin-catalog-backend-module-msgraph	./package.json	./package.json	-	-	NONE		
@backstage/plugin-catalog-backend-module-msgraph-incremental	./package.json	./package.json	-	-	NONE		
@backstage/plugin-catalog-backend-module-puppetdb	./package.json	./package.json	-	-	NONE		
@backstage/plugin-catalog-backend-module-scaffolder-entity-model	./package.json	./package.json	-	-	NONE		
@backstage/plugin-catalog-common	./package.json	./package.json	-	-	NONE		
@backstage/plugin-catalog-graph	./package.json	./package.json	-	-	NONE		
@backstage/plugin-catalog-import	./package.json	./package.json	-	-	NONE		
@backstage/plugin-catalog-node	./package.json	./package.json	-	-	NONE		
@backstage/plugin-catalog-react	./package.json	./package.json	-	-	NONE		
@backstage/plugin-catalog-unprocessed-entities	./package.json	./package.json	-	-	NONE		
@backstage/plugin-devtools	./package.json	./package.json	-	-	NONE		
@backstage/plugin-devtools-common	./package.json	./package.json	-	-	NONE		
@backstage/plugin-events-backend	./package.json	./package.json	-	-	NONE		
@backstage/plugin-events-backend-module-aws-sqs	./package.json	./package.json	-	-	NONE		
@backstage/plugin-events-backend-module-azure	./package.json	./package.json	-	-	NONE		
@backstage/plugin-events-backend-module-bitbucket-cloud	./package.json	./package.json	-	-	NONE		
@backstage/plugin-events-backend-module-bitbucket-server	./package.json	./package.json	-	-	NONE		
@backstage/plugin-events-backend-module-gerrit	./package.json	./package.json	-	-	NONE		
@backstage/plugin-events-backend-module-github	./package.json	./package.json	-	-	NONE		
@backstage/plugin-events-backend-module-gitlab	./package.json	./package.json	-	-	NONE		
@backstage/plugin-events-node	./package.json	./package.json	-	-	NONE		
@backstage/plugin-home	./package.json	./package.json	-	-	NONE		
@backstage/plugin-home-react	./package.json	./package.json	-	-	NONE		
@backstage/plugin-kubernetes	./package.json	./package.json	-	-	NONE		
@backstage/plugin-kubernetes-cluster	./package.json	./package.json	-	-	NONE		
@backstage/plugin-kubernetes-react	./package.json	./package.json	-	-	NONE		
@backstage/plugin-notifications	./package.json	./package.json	-	-	NONE		
@backstage/plugin-org	./package.json	./package.json	-	-	NONE		
@backstage/plugin-permission-backend	./package.json	./package.json	-	-	NONE		
@backstage/plugin-permission-node	./package.json	./package.json	-	-	NONE		
@backstage/plugin-proxy-backend	./package.json	./package.json	-	-	NONE		
@backstage/plugin-proxy-node	./package.json	./package.json	-	-	NONE		
@backstage/plugin-scaffolder	./package.json	./package.json	-	-	NONE		
@backstage/plugin-scaffolder-backend	./package.json	./package.json	-	-	NONE		
@backstage/plugin-scaffolder-backend-module-azure	./package.json	./package.json	-	-	NONE		
@backstage/plugin-scaffolder-backend-module-bitbucket-cloud	./package.json	./package.json	-	-	NONE		
@backstage/plugin-scaffolder-backend-module-bitbucket-server	./package.json	./package.json	-	-	NONE		
@backstage/plugin-scaffolder-backend-module-confluence-to-markdown	./package.json	./package.json	-	-	NONE		
@backstage/plugin-scaffolder-backend-module-cookiecutter	./package.json	./package.json	-	-	NONE		
@backstage/plugin-scaffolder-backend-module-gcp	./package.json	./package.json	-	-	NONE		
@backstage/plugin-scaffolder-backend-module-gerrit	./package.json	./package.json	-	-	NONE		
@backstage/plugin-scaffolder-backend-module-gitea	./package.json	./package.json	-	-	NONE		
@backstage/plugin-scaffolder-backend-module-github	./package.json	./package.json	-	-	NONE		
@backstage/plugin-scaffolder-backend-module-gitlab	./package.json	./package.json	-	-	NONE		
@backstage/plugin-scaffolder-backend-module-rails	./package.json	./package.json	-	-	NONE		
@backstage/plugin-scaffolder-backend-module-sentry	./package.json	./package.json	-	-	NONE		
@backstage/plugin-scaffolder-backend-module-yeoman	./package.json	./package.json	-	-	NONE		
@backstage/plugin-scaffolder-common	./package.json	./package.json	-	-	NONE		
@backstage/plugin-scaffolder-node	./package.json	./package.json	-	-	NONE		
@backstage/plugin-scaffolder-react	./package.json	./package.json	-	-	NONE		
@backstage/plugin-search	./package.json	./package.json	-	-	NONE		
@backstage/plugin-search-backend	./package.json	./package.json	-	-	NONE		
@backstage/plugin-search-backend-module-elasticsearch	./package.json	./package.json	-	-	NONE		
@backstage/plugin-search-backend-module-explore	./package.json	./package.json	-	-	NONE		
@backstage/plugin-search-backend-module-pg	./package.json	./package.json	-	-	NONE		
@backstage/plugin-search-backend-module-techdocs	./package.json	./package.json	-	-	NONE		
@backstage/plugin-search-backend-node	./package.json	./package.json	-	-	NONE		
@backstage/plugin-search-react	./package.json	./package.json	-	-	NONE		
@backstage/plugin-signals	./package.json	./package.json	-	-	NONE		
@backstage/plugin-techdocs	./package.json	./package.json	-	-	NONE		
@backstage/plugin-techdocs-backend	./package.json	./package.json	-	-	NONE		
@backstage/plugin-techdocs-module-addons-contrib	./package.json	./package.json	-	-	NONE		
@backstage/plugin-techdocs-react	./package.json	./package.json	-	-	NONE		
@backstage/plugin-user-settings	./package.json	./package.json	-	-	NONE		
@backstage/plugin-user-settings-backend	./package.json	./package.json	-	-	NONE		
